<?xml version="1.0" encoding="UTF-8"?>
<project-private xmlns="http://www.netbeans.org/ns/project-private/1">
    <editor-bookmarks xmlns="http://www.netbeans.org/ns/editor-bookmarks/2" lastBookmarkId="0"/>
    <open-files xmlns="http://www.netbeans.org/ns/projectui-open-files/2">
        <group>
            <file>file:/Users/JeanLugo/NetBeansProjects/Tarea2/web/main.css</file>
            <file>file:/Users/JeanLugo/NetBeansProjects/Tarea2/web/Form.html</file>
            <file>file:/Users/JeanLugo/NetBeansProjects/Tarea2/web/main2.css</file>
            <file>file:/Users/JeanLugo/NetBeansProjects/Tarea2/src/java/Registro.java</file>
            <file>file:/Users/JeanLugo/NetBeansProjects/Tarea2/web/main2.js</file>
        </group>
    </open-files>
</project-private>
